{
    "developer": "702361946",
    "email": "702361946@qq.com",
    "info": "原神每日委托领取,需要在Windows平台下,且在凯瑟琳边上\n按下开始后有三秒时间切到原神",
    "resolution": "1366x768",
    "split": ";",
    "step": 11,
    "0": "key;mode=down;key=f;key_one=True;before_time=3.0;after_time=1.1",
    "1": "key;mode=down;key=f;key_one=True;after_time=1.1",
    "2": "mouse;mode=down;x=1330;y=20",
    "3": "key;mode=down;key=f;key_one=True;after_time=1.1",
    "4": "key;mode=down;key=s;key_one=True;after_time=1.1",
    "5": "key;mode=down;key=s;key_one=True;after_time=1.1",
    "6": "key;mode=down;key=f;key_one=True;after_time=1.1",
    "7": "mouse;mode=down;x=90;y=700",
    "8": "mouse;mode=down;x=1330;y=20",
    "9": "mouse;mode=down;x=600;y=710",
    "10": "print;message=已完成"
}